Tempest Key,Temp Key,tempest midas key,tempest,tempests key,tempests
Paradox Key,Para Key,paradox midas key,paradox
Dimensional Key,Dim Key,dimensional midas key
Inferno Key,inferno midas key
Jester Key,jesters key,jester midas key,jester,jesters
Chaos Key,chaos midas key
Malphas Key,Malph Key,malpha key, malphas midas key,malphas
Belphegor Key,Bel Key,belph key,belphegors key,belphagors midas key
Wild Key,wild midas key
Wizard Key,wizards key,wizards midas key
Aura Key,aura midas key
Demon Key,demons key,demons midas key
Summoner's Key,summoner key,summoners midas key
Giant Key,giant midas key,giants key,giants midas key
Blood Key,blood midas key
Abyssal Key,aby key,abyssal midas key,abyssals key
Legendary Key,legend key,leg key,legendary midas key
Midas Key