Key Prices (Oct 15 2025),,also known as
,,
,,
Tempest Key,4s,Temp Key
Paradox Key,4s,Para Key
Dimensional Key,2.5s,Dim Key
Inferno Key,2.5s,
Jester Key,2s,
Chaos Key,1.5s,
Malphas Key,32d,Malph Key
Belphegor Key,12d,Bel Key
Wild Key,4d,
Wizard Key,4d,
Aura Key,3d,
Demon Key,1d,
Summoner's Key,1d,
Giant Key,Less than 1d,
Blood Key,Less than 1d,
Abyssal Key,Less than 1d,
Legendary Key,Less than 1d,
Midas Key,Less than 1d,
,,
Key prices based on active discussion with community members.,,